Frame,Prediction,Confidence (%),Normal Probability (%),Abnormal Probability (%)
0,NORMAL,95.44,95.44,4.56
1,NORMAL,97.69,97.69,2.31
2,NORMAL,98.84,98.84,1.16
3,NORMAL,98.42,98.42,1.58
4,NORMAL,96.44,96.44,3.56
5,NORMAL,98.35,98.35,1.65
6,NORMAL,99.27,99.27,0.73
7,NORMAL,99.33,99.33,0.67
8,NORMAL,99.46,99.46,0.54
9,NORMAL,99.04,99.04,0.96
10,NORMAL,98.39,98.39,1.61
11,NORMAL,98.92,98.92,1.08
12,NORMAL,99.53,99.53,0.47
13,NORMAL,99.24,99.24,0.76
14,NORMAL,99.3,99.3,0.7
15,NORMAL,97.8,97.8,2.2
16,NORMAL,99.3,99.3,0.7
17,NORMAL,90.84,90.84,9.16
18,NORMAL,96.22,96.22,3.78
19,NORMAL,96.09,96.09,3.91
20,NORMAL,98.62,98.62,1.38
21,NORMAL,99.01,99.01,0.99
22,NORMAL,98.96,98.96,1.04
23,NORMAL,97.29,97.29,2.71
24,NORMAL,99.84,99.84,0.16
25,NORMAL,99.65,99.65,0.35
26,NORMAL,99.09,99.09,0.91
27,NORMAL,99.78,99.78,0.22
28,NORMAL,99.76,99.76,0.24
29,NORMAL,99.85,99.85,0.15
30,NORMAL,99.63,99.63,0.37
31,NORMAL,80.84,80.84,19.16
32,NORMAL,95.34,95.34,4.66
33,NORMAL,96.7,96.7,3.3
34,NORMAL,95.88,95.88,4.12
35,NORMAL,99.51,99.51,0.49
36,NORMAL,99.59,99.59,0.41
37,NORMAL,99.39,99.39,0.61
38,NORMAL,99.21,99.21,0.79
39,NORMAL,99.61,99.61,0.39
40,NORMAL,99.43,99.43,0.57
41,NORMAL,98.9,98.9,1.1
42,NORMAL,99.55,99.55,0.45
43,NORMAL,99.68,99.68,0.32
44,NORMAL,95.03,95.03,4.97
45,NORMAL,89.45,89.45,10.55
46,NORMAL,87.12,87.12,12.88
47,NORMAL,92.89,92.89,7.11
48,NORMAL,99.6,99.6,0.4
49,NORMAL,99.49,99.49,0.51
50,NORMAL,99.94,99.94,0.06
51,NORMAL,99.23,99.23,0.77
52,NORMAL,98.68,98.68,1.32
53,NORMAL,99.44,99.44,0.56
54,NORMAL,98.8,98.8,1.2
55,NORMAL,98.55,98.55,1.45
56,NORMAL,99.35,99.35,0.65
57,NORMAL,99.35,99.35,0.65
58,NORMAL,95.8,95.8,4.2
59,NORMAL,95.32,95.32,4.68
60,NORMAL,96.36,96.36,3.64
61,NORMAL,98.46,98.46,1.54
62,NORMAL,95.13,95.13,4.87
63,NORMAL,94.08,94.08,5.92
64,NORMAL,94.6,94.6,5.4
65,NORMAL,99.22,99.22,0.78
66,NORMAL,99.08,99.08,0.92
67,NORMAL,98.62,98.62,1.38
68,NORMAL,99.48,99.48,0.52
69,NORMAL,98.09,98.09,1.91
70,NORMAL,98.8,98.8,1.2
71,NORMAL,98.91,98.91,1.09
72,NORMAL,97.63,97.63,2.37
73,NORMAL,98.93,98.93,1.07
74,NORMAL,99.12,99.12,0.88
75,NORMAL,98.67,98.67,1.33
76,NORMAL,99.61,99.61,0.39
77,NORMAL,99.71,99.71,0.29
78,NORMAL,98.43,98.43,1.57
79,NORMAL,99.66,99.66,0.34
80,NORMAL,97.7,97.7,2.3
81,NORMAL,98.09,98.09,1.91
82,NORMAL,98.47,98.47,1.53
83,NORMAL,98.96,98.96,1.04
84,NORMAL,98.91,98.91,1.09
85,NORMAL,99.34,99.34,0.66
86,NORMAL,99.46,99.46,0.54
87,NORMAL,99.34,99.34,0.66
88,NORMAL,99.41,99.41,0.59
89,NORMAL,91.97,91.97,8.03
90,NORMAL,99.66,99.66,0.34
91,NORMAL,98.33,98.33,1.67
92,NORMAL,98.95,98.95,1.05
93,NORMAL,99.53,99.53,0.47
94,NORMAL,99.47,99.47,0.53
95,NORMAL,98.93,98.93,1.07
96,NORMAL,99.73,99.73,0.27
97,NORMAL,99.14,99.14,0.86
98,NORMAL,96.15,96.15,3.85
99,NORMAL,97.87,97.87,2.13
100,NORMAL,92.16,92.16,7.84
101,NORMAL,97.54,97.54,2.46
102,NORMAL,99.34,99.34,0.66
103,NORMAL,97.82,97.82,2.18
104,NORMAL,99.57,99.57,0.43
105,NORMAL,99.3,99.3,0.7
106,NORMAL,98.62,98.62,1.38
107,NORMAL,99.2,99.2,0.8
108,NORMAL,80.29,80.29,19.71
109,NORMAL,98.93,98.93,1.07
110,NORMAL,97.71,97.71,2.29
111,NORMAL,96.41,96.41,3.59
112,NORMAL,95.01,95.01,4.99
113,NORMAL,98.08,98.08,1.92
114,NORMAL,95.32,95.32,4.68
115,NORMAL,98.72,98.72,1.28
116,NORMAL,97.79,97.79,2.21
117,NORMAL,99.2,99.2,0.8
118,NORMAL,99.12,99.12,0.88
119,NORMAL,99.04,99.04,0.96
120,NORMAL,99.57,99.57,0.43
121,NORMAL,98.11,98.11,1.89
122,NORMAL,99.73,99.73,0.27
123,NORMAL,98.93,98.93,1.07
124,NORMAL,98.07,98.07,1.93
125,NORMAL,97.58,97.58,2.42
126,NORMAL,98.7,98.7,1.3
127,NORMAL,98.25,98.25,1.75
128,NORMAL,96.77,96.77,3.23
129,NORMAL,98.55,98.55,1.45
130,NORMAL,99.66,99.66,0.34
131,NORMAL,99.35,99.35,0.65
132,NORMAL,97.82,97.82,2.18
133,NORMAL,89.01,89.01,10.99
134,NORMAL,81.9,81.9,18.1
135,NORMAL,95.56,95.56,4.44
136,NORMAL,95.42,95.42,4.58
137,NORMAL,88.64,88.64,11.36
138,NORMAL,95.83,95.83,4.17
139,NORMAL,92.1,92.1,7.9
140,ABNORMAL,84.21,15.79,84.21
141,ABNORMAL,56.06,43.94,56.06
142,NORMAL,76.5,76.5,23.5
143,NORMAL,94.14,94.14,5.86
144,NORMAL,93.3,93.3,6.7
145,NORMAL,97.47,97.47,2.53
146,NORMAL,96.31,96.31,3.69
147,NORMAL,96.76,96.76,3.24
148,NORMAL,88.45,88.45,11.55
149,NORMAL,87.13,87.13,12.87
150,NORMAL,96.87,96.87,3.13
151,NORMAL,72.83,72.83,27.17
152,NORMAL,91.42,91.42,8.58
153,NORMAL,93.07,93.07,6.93
154,NORMAL,50.97,50.97,49.03
155,NORMAL,72.6,72.6,27.4
156,NORMAL,96.04,96.04,3.96
157,NORMAL,84.68,84.68,15.32
158,NORMAL,94.71,94.71,5.29
159,NORMAL,86.36,86.36,13.64
160,NORMAL,75.69,75.69,24.31
161,NORMAL,94.87,94.87,5.13
162,NORMAL,94.65,94.65,5.35
163,NORMAL,97.29,97.29,2.71
164,NORMAL,95.77,95.77,4.23
165,NORMAL,97.04,97.04,2.96
166,NORMAL,97.68,97.68,2.32
167,NORMAL,95.92,95.92,4.08
168,NORMAL,97.03,97.03,2.97
169,NORMAL,91.25,91.25,8.75
170,NORMAL,94.93,94.93,5.07
171,NORMAL,98.69,98.69,1.31
172,NORMAL,93.17,93.17,6.83
173,NORMAL,96.15,96.15,3.85
174,NORMAL,94.85,94.85,5.15
175,NORMAL,94.21,94.21,5.79
176,NORMAL,96.05,96.05,3.95
177,NORMAL,95.1,95.1,4.9
178,NORMAL,96.43,96.43,3.57
179,NORMAL,97.94,97.94,2.06
180,NORMAL,99.37,99.37,0.63
181,NORMAL,98.96,98.96,1.04
182,NORMAL,96.66,96.66,3.34
183,NORMAL,96.03,96.03,3.97
184,NORMAL,91.48,91.48,8.52
185,NORMAL,93.49,93.49,6.51
186,NORMAL,89.04,89.04,10.96
187,NORMAL,80.95,80.95,19.05
188,NORMAL,97.6,97.6,2.4
189,NORMAL,98.4,98.4,1.6
190,NORMAL,98.72,98.72,1.28
191,NORMAL,97.95,97.95,2.05
192,NORMAL,96.3,96.3,3.7
193,NORMAL,97.6,97.6,2.4
194,NORMAL,97.76,97.76,2.24
195,NORMAL,96.86,96.86,3.14
196,NORMAL,96.23,96.23,3.77
197,NORMAL,93.26,93.26,6.74
198,NORMAL,86.39,86.39,13.61
199,NORMAL,95.98,95.98,4.02
200,NORMAL,98.01,98.01,1.99
201,NORMAL,98.11,98.11,1.89
202,NORMAL,99.68,99.68,0.32
203,NORMAL,98.48,98.48,1.52
204,NORMAL,98.82,98.82,1.18
205,NORMAL,99.35,99.35,0.65
206,NORMAL,91.49,91.49,8.51
207,NORMAL,94.25,94.25,5.75
208,NORMAL,99.25,99.25,0.75
209,NORMAL,99.13,99.13,0.87
210,NORMAL,99.95,99.95,0.05
211,NORMAL,99.94,99.94,0.06
212,NORMAL,99.57,99.57,0.43
213,NORMAL,99.22,99.22,0.78
214,NORMAL,99.47,99.47,0.53
215,NORMAL,99.83,99.83,0.17
216,NORMAL,99.87,99.87,0.13
217,NORMAL,99.91,99.91,0.09
218,NORMAL,99.07,99.07,0.93
219,NORMAL,98.52,98.52,1.48
220,NORMAL,99.7,99.7,0.3
221,NORMAL,99.47,99.47,0.53
222,NORMAL,99.66,99.66,0.34
223,NORMAL,99.11,99.11,0.89
224,NORMAL,99.66,99.66,0.34
225,NORMAL,99.66,99.66,0.34
226,NORMAL,99.55,99.55,0.45
227,NORMAL,99.3,99.3,0.7
228,NORMAL,98.81,98.81,1.19
229,NORMAL,99.47,99.47,0.53
230,NORMAL,99.15,99.15,0.85
231,NORMAL,99.64,99.64,0.36
232,NORMAL,99.58,99.58,0.42
233,NORMAL,98.81,98.81,1.19
234,NORMAL,99.91,99.91,0.09
235,NORMAL,99.84,99.84,0.16
236,NORMAL,99.6,99.6,0.4
237,NORMAL,99.88,99.88,0.12
238,NORMAL,99.81,99.81,0.19
239,NORMAL,99.9,99.9,0.1
240,NORMAL,99.93,99.93,0.07
